name,country,region
A/American_Black_Duck/Connecticut/USDA-005000-001/2022|2.3.4.4b|2022-02-06,USA,North America
A/American_Black_Duck/Connecticut/USDA-005313-006/2022|2.3.4.4b|2022-02-16,USA,North America
A/American_Black_Duck/Connecticut/USDA-005313-007/2022|2.3.4.4b|2022-02-16,USA,North America
A/American_Black_Duck/Connecticut/USDA-005313-008/2022|2.3.4.4b|2022-02-16,USA,North America
A/American_Black_Duck/NL/OTH-0004-14/2021|2.3.4.4b|2021-12-24,Canada,North America
A/American_Black_Duck/NL/OTH-0004-16/2021|2.3.4.4b|2021-12-24,Canada,North America
A/American_Crow/NB/FAV-0117-1/2022|2.3.4.4b|2022-02-12,Canada,North America
A/American_Crow/NB/FAV-0117-4/2022|2.3.4.4b|2022-02-24,Canada,North America
A/American_Crow/NB/FAV-0118-1/2022|2.3.4.4b|2022-02-12,Canada,North America
A/American_Crow/NB/FAV-0118-3/2022|2.3.4.4b|2022-02-23,Canada,North America
A/American_Crow/NB/FAV-0131-1/2022|2.3.4.4b|2022-02-15,Canada,North America
A/American_Crow/NL/FAV-0092-1/2022|2.3.4.4b|2022-01-18,Canada,North America
A/American_Crow/NL/FAV-0114-3/2022|2.3.4.4b|2022-02-25,Canada,North America
A/American_Crow/PE/FAV-0109-1/2022|2.3.4.4b|2022-02-16,Canada,North America
A/American_Crow/PE/FAV-0116-1/2022|2.3.4.4b|2022-02-26,Canada,North America
A/American_Green-winged_Teal/Tennessee/USDA-005910-002/2022|2.3.4.4b|2022-02-12,USA,North America
A/American_White_Pelican/Missouri/USDA-006970-001/2022|2.3.4.4b|2022-02-28,USA,North America
A/American_Wigeon/Alabama/USDA-004941-003/2022|2.3.4.4b|2022-02-05,USA,North America
A/American_Wigeon/Delaware/USDA-003358-008/2022|2.3.4.4b|2022-01-26,USA,North America
A/American_Wigeon/North_Carolina/USDA-001329-001/2022|2.3.4.4b|2022-01-08,USA,North America
A/American_Wigeon/North_Carolina/USDA-001330-001/2022|2.3.4.4b|2022-01-08,USA,North America
A/American_Wigeon/North_Carolina/USDA-001330-009/2022|2.3.4.4b|2022-01-08,USA,North America
A/American_Wigeon/North_Carolina/USDA-001330-011/2022|2.3.4.4b|2022-01-08,USA,North America
A/American_Wigeon/North_Carolina/USDA-001330-012/2022|2.3.4.4b|2022-01-08,USA,North America
A/American_Wigeon/North_Carolina/USDA-001330-015/2022|2.3.4.4b|2022-01-08,USA,North America
A/American_Wigeon/North_Carolina/USDA-001330-017/2022|2.3.4.4b|2022-01-08,USA,North America
A/American_Wigeon/North_Carolina/USDA-001330-018/2022|2.3.4.4b|2022-01-08,USA,North America
A/American_Wigeon/North_Carolina/USDA-001330-019/2022|2.3.4.4b|2022-01-08,USA,North America
A/American_Wigeon/North_Carolina/USDA-001330-023/2022|2.3.4.4b|2022-01-08,USA,North America
A/American_Wigeon/North_Carolina/USDA-001330-024/2022|2.3.4.4b|2022-01-08,USA,North America
A/American_Wigeon/North_Carolina/USDA-001330-025/2022|2.3.4.4b|2022-01-08,USA,North America
A/American_Wigeon/North_Carolina/USDA-001330-027/2022|2.3.4.4b|2022-01-08,USA,North America
A/American_Wigeon/North_Carolina/USDA-001330-028/2022|2.3.4.4b|2022-01-08,USA,North America
A/American_Wigeon/North_Carolina/USDA-001330-029/2022|2.3.4.4b|2022-01-08,USA,North America
A/American_Wigeon/North_Carolina/USDA-001330-030/2022|2.3.4.4b|2022-01-08,USA,North America
A/American_Wigeon/North_Carolina/USDA-001330-031/2022|2.3.4.4b|2022-01-08,USA,North America
A/American_Wigeon/North_Carolina/USDA-001672-001/2022|2.3.4.4b|2022-01-08,USA,North America
A/American_Wigeon/North_Carolina/USDA-001672-005/2022|2.3.4.4b|2022-01-08,USA,North America
A/American_Wigeon/North_Carolina/USDA-001672-009/2022|2.3.4.4b|2022-01-08,USA,North America
A/American_Wigeon/North_Carolina/USDA-003150-006/2022|2.3.4.4b|2022-01-22,USA,North America
A/American_Wigeon/North_Carolina/USDA-003439-003/2022|2.3.4.4b|2022-01-26,USA,North America
A/American_Wigeon/South_Carolina/USDA-000345-001/2021|2.3.4.4b|2021-12-30,USA,North America
A/American_Wigeon/South_Carolina/USDA-001743-011/2022|2.3.4.4b|2022-01-06,USA,North America
A/American_Wigeon/South_Carolina/USDA-001743-014/2022|2.3.4.4b|2022-01-06,USA,North America
A/American_blue-winged_teal/South_Carolina/AH0195150/2021|2.3.4.4b|2021-12-30,USA,North America
A/American_wigeon/North_Carolina/AH0182517/2022|2.3.4.4b|2022-01-08,USA,North America
A/American_wigeon/North_Carolina/AH0182954/2022|2.3.4.4b|2022-01-08,USA,North America
A/American_wigeon/South_Carolina/AH0195145/2021|2.3.4.4b|2021-12-30,USA,North America
A/Backyard_bird/Connecticut/USDA-006118-001/2022|2.3.4.4b|2022-02-28,USA,North America
A/Backyard_bird/Iowa/USDA-006114-001/2022|2.3.4.4b|2022-02-28,USA,North America
A/Backyard_bird/Maine/USDA-005158-001/2022|2.3.4.4b|2022-02-17,USA,North America
A/Backyard_bird/Maine/USDA-005443-001/2022|2.3.4.4b|2022-02-20,USA,North America
A/Backyard_bird/Michigan/USDA-005440-001/2022|2.3.4.4b|2022-02-22,USA,North America
A/Backyard_bird/Michigan/USDA-005440-002/2022|2.3.4.4b|2022-02-22,USA,North America
A/Backyard_bird/New_York/USDA-005647-001/2022|2.3.4.4b|2022-02-22,USA,North America
A/Backyard_bird/New_York/USDA-005647-002/2022|2.3.4.4b|2022-02-22,USA,North America
A/Backyard_bird/Virginia/USDA-004415-001/2022|2.3.4.4b|2022-02-11,USA,North America
A/Bald_Eagle/BC/OTH-33-36/2022|2.3.4.4b|2022-02-03,Canada,North America
A/Bald_Eagle/Florida/USDA-005524-002/2022|2.3.4.4b|2022-02-16,USA,North America
A/Bald_Eagle/Florida/USDA-006020-001/2022|2.3.4.4b|2022-02-23,USA,North America
A/Bald_Eagle/Florida/USDA-006544-004/2022|2.3.4.4b|2022-02-01,USA,North America
A/Bald_Eagle/Florida/USDA-006544-005/2022|2.3.4.4b|2022-02-01,USA,North America
A/Bald_Eagle/Florida/USDA-007915-001/2022|2.3.4.4b|2022-02-28,USA,North America
A/Bald_Eagle/Florida/USDA-007915-002/2022|2.3.4.4b|2022-02-28,USA,North America
A/Bald_Eagle/Florida/USDA-007915-009/2022|2.3.4.4b|2022-02-23,USA,North America
A/Bald_Eagle/Florida/USDA-008984-001/2022|2.3.4.4b|2022-03-01,USA,North America
A/Bald_Eagle/Florida/USDA-008984-003/2022|2.3.4.4b|2022-03-01,USA,North America
A/Bald_Eagle/Florida/USDA-011399-001/2022|2.3.4.4b|2022-01-25,USA,North America
A/Bald_Eagle/Georgia/USDA-008982-002/2022|2.3.4.4b|2022-03-01,USA,North America
A/Bald_Eagle/Georgia/USDA-008982-003/2022|2.3.4.4b|2022-03-01,USA,North America
A/Bald_Eagle/Missouri/USDA-007472-001/2022|2.3.4.4b|2022-03-01,USA,North America
A/Bald_Eagle/Missouri/USDA-012338-013/2022|2.3.4.4b|2022-03-01,USA,North America
A/Bald_Eagle/Missouri/USDA-012338-021/2022|2.3.4.4b|2022-03-01,USA,North America
A/Bald_Eagle/North_Carolina/USDA-006530-002/2022|2.3.4.4b|2022-02-01,USA,North America
A/Bald_Eagle/PE/FAV-0098-2/2022|2.3.4.4b|2022-01-22,Canada,North America
A/Bald_Eagle/South_Carolina/USDA-006218-001/2022|2.3.4.4b|2022-02-26,USA,North America
A/Bald_Eagle/South_Carolina/USDA-006218-002/2022|2.3.4.4b|2022-02-26,USA,North America
A/Bald_Eagle/South_Carolina/USDA-008983-001/2022|2.3.4.4b|2022-03-01,USA,North America
A/Bald_Eagle/South_Dakota/USDA-009685-001/2022|2.3.4.4b|2022-03-01,USA,North America
A/Black_Vulture/Florida/USDA-004761-001/2022|2.3.4.4b|2022-02-14,USA,North America
A/Black_Vulture/Florida/USDA-004958-001/2022|2.3.4.4b|2022-02-14,USA,North America
A/Black_Vulture/Florida/USDA-007307-002/2022|2.3.4.4b|2022-03-01,USA,North America
A/Black_Vulture/Florida/USDA-007915-005/2022|2.3.4.4b|2022-02-25,USA,North America
A/Blue-winged_Teal/Florida/USDA-002578-009/2022|2.3.4.4b|2022-01-22,USA,North America
A/Blue-winged_Teal/South_Carolina/USDA-000345-003/2021|2.3.4.4b|2021-12-30,USA,North America
A/Blue_Jay/NS/FAV-0095-1/2022|2.3.4.4b|2022-02-08,Canada,North America
A/Blue_Jay/NS/FAV-0122-1/2022|2.3.4.4b|2022-02-18,Canada,North America
A/Broad-winged_Hawk/NS/FAV-0124-1/2022|2.3.4.4b|2022-02-16,Canada,North America
A/Brown_Pelican/North_Carolina/USDA-007917-001/2022|2.3.4.4b|2022-02-20,USA,North America
A/Bufflehead/NB/FAV-0130-1/2022|2.3.4.4b|2022-02-08,Canada,North America
A/Canada_Goose/NS/FAV-0054-1/2022|2.3.4.4b|2022-01-12,Canada,North America
A/Canada_goose/England/385250/2021|2.3.4.4b|2021-11-01,UK,Other
A/Chicken/Sweden/SVA211130SZ0427/FB290424-IP-1/M-2021|2.3.4.4b|2021-11-30,Sweden,Other
A/Chicken/Sweden/SVA211229SZ0010/FB315276/2021|2.3.4.4b|2021-12-29,Sweden,Other
A/Common_Eider/NL/FAV-0114-4/2022|2.3.4.4b|2022-02-21,Canada,North America
A/Common_Merganser/NS/FAV-0102-4/2022|2.3.4.4b|2022-02-04,Canada,North America
A/Est/Parnu/Seagull/TA21-13284-5/2021|2.3.4.4b|2021-06-02,Estonia,Other
A/Est/Parnu/eagle/TA21-11864-1/2021|2.3.4.4b|2021-05-16,Estonia,Other
A/Eurasian_curlew/Germany-SH/AI05960/2021|2.3.4.4b|2021-10-14,Germany,Other
A/Eurasian_eagle-owl/Finland/10617_21VIR7689-15/2021|2.3.4.4b|2021-08-01,Finland,Other
A/Eurasian_wigeon/Germany-SH/AI05948/2021|2.3.4.4b|2021-10-14,Germany,Other
A/Eurasian_wigeon/Italy/21VIR8919-3/2021|2.3.4.4b|2021-10-28,Italy,Other
A/European_Herring_Gull/Sweden/SVA220105SZ0249/FB000036/K-2021|2.3.4.4b|2021-12-17,Sweden,Other
A/European_herring_gull/Denmark/19968-1.02/2021-05-14|2.3.4.4b|2021-05-14,Denmark,Other
A/European_herring_gull/Finland/9722_21VIR7689-13/2021|2.3.4.4b|2021-08-01,Finland,Other
A/Fancy_chicken/NL/FAV-0035/2021|2.3.4.4b|2021-12-17,Canada,North America
A/Gadwall/Georgia/USDA-003669-001/2022|2.3.4.4b|2022-01-30,USA,North America
A/Gadwall/Kentucky/USDA-005154-004/2022|2.3.4.4b|2022-02-08,USA,North America
A/Gadwall/North_Carolina/USDA-001330-004/2022|2.3.4.4b|2022-01-08,USA,North America
A/Gadwall/North_Carolina/USDA-001330-010/2022|2.3.4.4b|2022-01-08,USA,North America
A/Gadwall/North_Carolina/USDA-001330-021/2022|2.3.4.4b|2022-01-08,USA,North America
A/Gadwall/North_Carolina/USDA-001330-032/2022|2.3.4.4b|2022-01-08,USA,North America
A/Gadwall/North_Carolina/USDA-001672-002/2022|2.3.4.4b|2022-01-08,USA,North America
A/Gadwall/North_Carolina/USDA-001996-001/2022|2.3.4.4b|2022-01-15,USA,North America
A/Gadwall/North_Carolina/USDA-002491-002/2022|2.3.4.4b|2022-01-15,USA,North America
A/Gadwall/North_Carolina/USDA-003150-010/2022|2.3.4.4b|2022-01-22,USA,North America
A/Gadwall/South_Carolina/USDA-001743-002/2022|2.3.4.4b|2022-01-06,USA,North America
A/Gadwall/South_Carolina/USDA-001743-003/2022|2.3.4.4b|2022-01-06,USA,North America
A/Gadwall/South_Carolina/USDA-001743-004/2022|2.3.4.4b|2022-01-06,USA,North America
A/Gadwall/South_Carolina/USDA-001743-007/2022|2.3.4.4b|2022-01-06,USA,North America
A/Gadwall/South_Carolina/USDA-001743-008/2022|2.3.4.4b|2022-01-06,USA,North America
A/Gadwall/Virginia/USDA-003923-001/2022|2.3.4.4b|2022-01-29,USA,North America
A/Great_Black-Backed_Gull/NB/FAV-0110-1/2022|2.3.4.4b|2022-02-18,Canada,North America
A/Great_Black-Backed_Gull/NL/OTH-0114|2.3.4.4b|2021-11-04,Canada,North America
A/Great_Black-Backed_Gull/NS/FAV-0105-1/2022|2.3.4.4b|2022-02-13,Canada,North America
A/Great_Black-Backed_Gull/NS/FAV-0115-1/2022|2.3.4.4b|2022-02-18,Canada,North America
A/Great_Blue_Heron/Florida/USDA-007915-004/2022|2.3.4.4b|2022-02-27,USA,North America
A/Great_Horned_Owl/Florida/USDA-006984-001/2022|2.3.4.4b|2022-02-28,USA,North America
A/Great_Horned_Owl/Florida/USDA-007915-007/2022|2.3.4.4b|2022-02-24,USA,North America
A/Great_Horned_Owl/Florida/USDA-007915-008/2022|2.3.4.4b|2022-02-25,USA,North America
A/Green-winged_Teal/North_Carolina/USDA-001673-001/2022|2.3.4.4b|2022-01-08,USA,North America
A/Green-winged_Teal/North_Carolina/USDA-003444-004/2022|2.3.4.4b|2022-01-29,USA,North America
A/Green-winged_Teal/North_Carolina/USDA-003827-001/2022|2.3.4.4b|2022-01-29,USA,North America
A/Green-winged_Teal/North_Carolina/USDA-003830-003/2022|2.3.4.4b|2022-01-29,USA,North America
A/Green-winged_Teal/North_Carolina/USDA-003830-004/2022|2.3.4.4b|2022-01-29,USA,North America
A/Green-winged_Teal/North_Carolina/USDA-003830-009/2022|2.3.4.4b|2022-01-29,USA,North America
A/Green-winged_Teal/North_Carolina/USDA-004007-005/2022|2.3.4.4b|2022-01-31,USA,North America
A/Green-winged_Teal/North_Carolina/USDA-004372-001/2022|2.3.4.4b|2022-02-05,USA,North America
A/Green-winged_Teal/Virginia/USDA-002768-003/2022|2.3.4.4b|2022-01-19,USA,North America
A/Gull/Florida/USDA-007915-006/2022|2.3.4.4b|2022-03-01,USA,North America
A/Herring_Gull/NL/FAV-0078-1/2022|2.3.4.4b|2022-01-14,Canada,North America
A/Herring_Gull/NL/FAV-0091-01/2022|2.3.4.4b|2022-01-31,Canada,North America
A/Herring_Gull/NL/FAV-0093-1/2022|2.3.4.4b|2022-01-31,Canada,North America
A/Herring_Gull/NL/FAV-0114-2/2022|2.3.4.4b|2022-02-23,Canada,North America
A/Herring_Gull/NS/FAV-0111-1/2022|2.3.4.4b|2022-02-12,Canada,North America
A/Herring_Gull/Ohio/USDA-007187-001/2022|2.3.4.4b|2022-02-25,USA,North America
A/Hooded_Merganser/Florida/USDA-007915-003/2022|2.3.4.4b|2022-03-01,USA,North America
A/Hooded_Merganser/Missouri/USDA-007184-001/2022|2.3.4.4b|2022-02-28,USA,North America
A/Lesser_Scaup/Florida/USDA-004623-002/2022|2.3.4.4b|2022-02-08,USA,North America
A/Lesser_Scaup/Florida/USDA-005079-001/2022|2.3.4.4b|2022-02-16,USA,North America
A/Lesser_Scaup/Florida/USDA-005590-003/2022|2.3.4.4b|2022-02-18,USA,North America
A/Lesser_Scaup/Florida/USDA-005890-001/2022|2.3.4.4b|2022-02-13,USA,North America
A/Lesser_Scaup/Florida/USDA-006133-001/2022|2.3.4.4b|2022-02-24,USA,North America
A/Lesser_Scaup/Georgia/USDA-006543-001/2022|2.3.4.4b|2022-02-24,USA,North America
A/Lesser_Scaup/Georgia/USDA-006543-002/2022|2.3.4.4b|2022-02-24,USA,North America
A/Lesser_Scaup/Georgia/USDA-006543-004/2022|2.3.4.4b|2022-02-24,USA,North America
A/Lesser_Scaup/Georgia/USDA-006543-005/2022|2.3.4.4b|2022-02-24,USA,North America
A/Lesser_Scaup/Georgia/USDA-006543-006/2022|2.3.4.4b|2022-02-24,USA,North America
A/Lesser_Scaup/Maryland/USDA-003098-003/2022|2.3.4.4b|2022-01-23,USA,North America
A/Lesser_scaup/MD/-LC-EESC-024/2022|2.3.4.4b|2022-01-23,USA,North America
A/Mallard/Connecticut/USDA-003935-001/2022|2.3.4.4b|2022-02-03,USA,North America
A/Mallard/Connecticut/USDA-003935-013/2022|2.3.4.4b|2022-02-03,USA,North America
A/Mallard/Connecticut/USDA-003935-014/2022|2.3.4.4b|2022-02-03,USA,North America
A/Mallard/Connecticut/USDA-003935-022/2022|2.3.4.4b|2022-02-03,USA,North America
A/Mallard/Connecticut/USDA-003935-024/2022|2.3.4.4b|2022-02-03,USA,North America
A/Mallard/Kentucky/USDA-005153-004/2022|2.3.4.4b|2022-02-07,USA,North America
A/Mallard/NS/FAV-0094-78/2022|2.3.4.4b|2022-01-27,Canada,North America
A/Mallard/New_Hampshire/USDA-003359-006/2022|2.3.4.4b|2022-01-26,USA,North America
A/Mallard/New_Hampshire/USDA-003359-025/2022|2.3.4.4b|2022-01-26,USA,North America
A/Mallard/New_Hampshire/USDA-003359-036/2022|2.3.4.4b|2022-01-26,USA,North America
A/Mallard/New_Hampshire/USDA-003417-032/2022|2.3.4.4b|2022-01-26,USA,North America
A/Mallard/New_Hampshire/USDA-003417-039/2022|2.3.4.4b|2022-01-26,USA,North America
A/Mallard/New_Hampshire/USDA-003417-043/2022|2.3.4.4b|2022-01-26,USA,North America
A/Mallard/New_Hampshire/USDA-003417-047/2022|2.3.4.4b|2022-01-26,USA,North America
A/Mallard/New_Hampshire/USDA-003417-048/2022|2.3.4.4b|2022-01-26,USA,North America
A/Mallard/New_Hampshire/USDA-003417-053/2022|2.3.4.4b|2022-01-26,USA,North America
A/Mallard/New_Hampshire/USDA-003417-054/2022|2.3.4.4b|2022-01-26,USA,North America
A/Mallard/New_Jersey/USDA-005110-001/2022|2.3.4.4b|2022-02-07,USA,North America
A/Mallard/New_Jersey/USDA-005110-003/2022|2.3.4.4b|2022-02-07,USA,North America
A/Mallard/New_Jersey/USDA-005110-004/2022|2.3.4.4b|2022-02-07,USA,North America
A/Mallard/New_Jersey/USDA-005110-014/2022|2.3.4.4b|2022-02-07,USA,North America
A/Mallard/North_Carolina/USDA-001330-003/2022|2.3.4.4b|2022-01-08,USA,North America
A/Mallard/North_Carolina/USDA-003441-001/2022|2.3.4.4b|2022-01-29,USA,North America
A/Mallard/North_Carolina/USDA-004008-002/2022|2.3.4.4b|2022-02-01,USA,North America
A/Mallard/North_Carolina/USDA-004008-006/2022|2.3.4.4b|2022-02-01,USA,North America
A/Mallard/North_Carolina/USDA-004008-010/2022|2.3.4.4b|2022-02-01,USA,North America
A/Mallard/North_Carolina/USDA-004008-011/2022|2.3.4.4b|2022-02-01,USA,North America
A/Mixed/NL/FAV-0004-12/2022|2.3.4.4b|2021-12-31,Canada,North America
A/Mixed/NL/FAV-0004-14/2022|2.3.4.4b|2021-12-31,Canada,North America
A/Mixed/NL/FAV-0004-16/2022|2.3.4.4b|2021-12-31,Canada,North America
A/Mixed/NL/FAV-0004-3/2022|2.3.4.4b|2021-12-31,Canada,North America
A/Mixed/NL/FAV-0004-4/2022|2.3.4.4b|2021-12-31,Canada,North America
A/Mixed/NL/FAV-0004-5/2022|2.3.4.4b|2021-12-31,Canada,North America
A/Mixed/NL/FAV-0004-7/2022|2.3.4.4b|2021-12-31,Canada,North America
A/Mixed/NL/FAV-0035-13/2021|2.3.4.4b|2021-12-16,Canada,North America
A/Mixed/NL/FAV-0035-14/2021|2.3.4.4b|2021-12-16,Canada,North America
A/Mixed/NL/FAV-0035-15/2021|2.3.4.4b|2021-12-16,Canada,North America
A/Mixed/NL/FAV-0035-16/2021|2.3.4.4b|2021-12-16,Canada,North America
A/Mixed/NL/FAV-0035-2/2021|2.3.4.4b|2021-12-16,Canada,North America
A/Mixed/NL/FAV-0035-3/2021|2.3.4.4b|2021-12-16,Canada,North America
A/Mixed/NL/FAV-0035-4/2021|2.3.4.4b|2021-12-16,Canada,North America
A/Mixed/NL/FAV-0035-5/2021|2.3.4.4b|2021-12-16,Canada,North America
A/Mixed/NS/FAV-0065-10/2022|2.3.4.4b|2022-01-28,Canada,North America
A/Mixed/NS/FAV-0065-11/2022|2.3.4.4b|2022-01-28,Canada,North America
A/Mixed/NS/FAV-0066-1/2021|2.3.4.4b|2022-01-28,Canada,North America
A/Mixed/NS/FAV-0066-3/2021|2.3.4.4b|2022-01-28,Canada,North America
A/Mixed/NS/FAV-0083-125/2022|2.3.4.4b|2022-02-07,Canada,North America
A/Mixed/NS/FAV-0083-126/2022|2.3.4.4b|2022-02-07,Canada,North America
A/Mixed/NS/FAV-0083-154/2022|2.3.4.4b|2022-02-07,Canada,North America
A/Mixed/NS/FAV-0083-155/2022|2.3.4.4b|2022-02-07,Canada,North America
A/Muscovy_duck/England/074477/2021|2.3.4.4b|2021-12-21,UK,Other
A/Muscovy_duck/Georgia/23-032683-001/2022|2.3.4.4b|2022-01-01,USA,North America
A/Mute_Swan/Sweden/SVA220103SZ0264/FB000004/AB-2022|2.3.4.4b|2022-01-01,Sweden,Other
A/Mute_Swan/Sweden/SVA220103SZ0264/FB000005/AB-2022|2.3.4.4b|2022-01-01,Sweden,Other
A/Mute_Swan/Sweden/SVA220127SZ039422/FB000218/AB-2022|2.3.4.4b|2022-01-11,Sweden,Other
A/Mute_swan/England/385335/2021|2.3.4.4b|2021-11-03,UK,Other
A/Northern_Pintail/North_Carolina/USDA-001330-008/2022|2.3.4.4b|2022-01-08,USA,North America
A/Northern_Shoveler/Delaware/USDA-003933-001/2022|2.3.4.4b|2022-01-31,USA,North America
A/Northern_Shoveler/North_Carolina/USDA-001330-016/2022|2.3.4.4b|2022-01-08,USA,North America
A/Northern_Shoveler/North_Carolina/USDA-003831-019/2022|2.3.4.4b|2022-01-29,USA,North America
A/Pelican/Missouri/USDA-012338-019/2022|2.3.4.4b|2022-03-01,USA,North America
A/Pelican/Missouri/USDA-012338-020/2022|2.3.4.4b|2022-03-01,USA,North America
A/Red-Tailed_Hawk/NS/FAV-0095-2/2022|2.3.4.4b|2022-02-08,Canada,North America
A/Red-breasted_Merganser/NS/FAV-0113-1/2022|2.3.4.4b|2022-02-15,Canada,North America
A/Red-shouldered_Hawk/Delaware/USDA-004621-001/2022|2.3.4.4b|2022-02-10,USA,North America
A/Red-shouldered_Hawk/North_Carolina/USDA-006530-001/2022|2.3.4.4b|2022-02-01,USA,North America
A/Redhead/New_York/USDA-008835-006/2022|2.3.4.4b|2022-03-01,USA,North America
A/Ross_s_Goose/Missouri/USDA-006328-019/2022|2.3.4.4b|2022-02-22,USA,North America
A/Ross_s_Goose/Missouri/USDA-007472-003/2022|2.3.4.4b|2022-03-01,USA,North America
A/Ross_s_Goose/Missouri/USDA-012338-012/2022|2.3.4.4b|2022-03-01,USA,North America
A/Royal_Tern/Florida/USDA-005590-001/2022|2.3.4.4b|2022-02-18,USA,North America
A/Royal_Tern/Florida/USDA-005590-002/2022|2.3.4.4b|2022-02-18,USA,North America
A/Ruffed_Grouse/NL/FAV-0114-1/2022|2.3.4.4b|2022-02-11,Canada,North America
A/Sanderling/Massachusetts/USDA-007696-001/2022|2.3.4.4b|2022-03-01,USA,North America
A/Sanderling/New_York/USDA-005646-001/2022|2.3.4.4b|2022-02-21,USA,North America
A/Snow_Goose/Kansas/USDA-006804-003/2022|2.3.4.4b|2022-02-28,USA,North America
A/Snow_Goose/Kansas/USDA-006804-007/2022|2.3.4.4b|2022-02-28,USA,North America
A/Snow_Goose/Kentucky/USDA-004809-001/2022|2.3.4.4b|2022-02-08,USA,North America
A/Snow_Goose/Kentucky/USDA-004809-002/2022|2.3.4.4b|2022-02-08,USA,North America
A/Snow_Goose/Kentucky/USDA-006742-003/2022|2.3.4.4b|2022-02-18,USA,North America
A/Snow_Goose/Missouri/USDA-006328-004/2022|2.3.4.4b|2022-02-22,USA,North America
A/Snow_Goose/Missouri/USDA-006328-011/2022|2.3.4.4b|2022-02-22,USA,North America
A/Snow_Goose/Missouri/USDA-006328-015/2022|2.3.4.4b|2022-02-22,USA,North America
A/Snow_Goose/Missouri/USDA-006328-022/2022|2.3.4.4b|2022-02-22,USA,North America
A/Snow_Goose/Missouri/USDA-006328-032/2022|2.3.4.4b|2022-02-22,USA,North America
A/Snow_Goose/Missouri/USDA-006805-001/2022|2.3.4.4b|2022-02-23,USA,North America
A/Snow_Goose/New_Hampshire/USDA-007420-001/2022|2.3.4.4b|2022-02-24,USA,North America
A/Snow_Goose/New_York/USDA-008835-002/2022|2.3.4.4b|2022-03-01,USA,North America
A/Snow_Goose/New_York/USDA-008835-004/2022|2.3.4.4b|2022-03-01,USA,North America
A/Snow_Goose/North_Carolina/USDA-003496-007/2022|2.3.4.4b|2022-01-21,USA,North America
A/Snowy_Owl/PE/FAV-0121-1/2022|2.3.4.4b|2022-02-23,Canada,North America
A/Turkey_Vulture/NS/FAV-0106-1/2022|2.3.4.4b|2022-01-31,Canada,North America
A/White-Tailed_Eagle/Sweden/SVA210528SZ0223/KN002027/AB-2021|2.3.4.4b|2021-05-25,Sweden,Other
A/Whooper_Swan/Sweden/SVA211223SZ0332/FB004886/M-2021|2.3.4.4b|2021-12-21,Sweden,Other
A/Whooper_swan/England/000556/2021|2.3.4.4b|2021-12-29,UK,Other
A/Wood_Duck/North_Carolina/USDA-003829-001/2022|2.3.4.4b|2022-01-29,USA,North America
A/Wood_Duck/Tennessee/USDA-005907-002/2022|2.3.4.4b|2022-02-13,USA,North America
A/_Eurasian_magpie/Sweden/SVA220107SZ0188/FB000039/N-2022|2.3.4.4b|2022-01-07,Sweden,Other
A/american_crow/Massachusetts/22-006976-004/2022|2.3.4.4b|2022-02-27,USA,North America
A/american_wigeon/Tennessee/CEIRR-298/2022|2.3.4.4b|2022-01-25,USA,North America
A/american_wigeon/Tennessee/CEIRR-301/2022|2.3.4.4b|2022-01-30,USA,North America
A/bald_eagle/Florida/W22-134-OP/2022|2.3.4.4b|2022-02-12,USA,North America
A/bald_eagle/Florida/W22-153A/2022|2.3.4.4b|2022-02-28,USA,North America
A/bald_eagle/Florida/W22-153B/2022|2.3.4.4b|2022-02-28,USA,North America
A/bald_eagle/Georgia/W22-202/2022|2.3.4.4b|2022-03-01,USA,North America
A/bald_eagle/Massachusetts/22-006976-001/2022|2.3.4.4b|2022-02-27,USA,North America
A/bald_eagle/North_Carolina/W22-140/2022|2.3.4.4b|2022-02-22,USA,North America
A/bald_eagle/South_Carolina/W22-205/2022|2.3.4.4b|2022-03-01,USA,North America
A/barnacle_goose/Denmark/19027-1.02/2021-04-18|2.3.4.4b|2021-04-18,Denmark,Other
A/barnacle_goose/Denmark/17572-1.01/2021-03-01|2.3.4.4b|2021-03-01,Denmark,Other
A/barnacle_goose/Denmark/24342-1.02/2021-10-30|2.3.4.4b|2021-10-30,Denmark,Other
A/barnacle_goose/Finland//6378_21VIR7689-7/2021|2.3.4.4b|2021-05-01,Finland,Other
A/barnacle_goose/Finland/6247_21VIR7689-6/2021|2.3.4.4b|2021-05-01,Finland,Other
A/barnacle_goose/Finland/6955_21VIR7689-9/2021|2.3.4.4b|2021-06-01,Finland,Other
A/barnacle_goose/Germany-NI/AI01605/2021|2.3.4.4b|2021-02-17,Germany,Other
A/barnacle_goose/Germany-NI/AI03914/2021|2.3.4.4b|2021-04-08,Germany,Other
A/barnacle_goose/Germany-NI/AI03980/2021|2.3.4.4b|2021-04-14,Germany,Other
A/barnacle_goose/Netherlands/21021591-001/2021|2.3.4.4b|2021-01-14,Netherlands,Other
A/barnacle_goose/Netherlands/21022611-001/2021|2.3.4.4b|2021-01-31,Netherlands,Other
A/barnacle_goose/Netherlands/21025769-002/2021|2.3.4.4b|2021-03-22,Netherlands,Other
A/barnacle_goose/Netherlands/21027016-002/2021|2.3.4.4b|2021-04-15,Netherlands,Other
A/barnacle_goose/Netherlands/21027357-002/2021|2.3.4.4b|2021-04-20,Netherlands,Other
A/barnacle_goose/Netherlands/21028196-002/2021|2.3.4.4b|2021-04-22,Netherlands,Other
A/barnacle_goose/Netherlands/21028534-002/2021|2.3.4.4b|2021-05-13,Netherlands,Other
A/barnacle_goose/Sweden/SVA210511SZ0567/FB001840/M-2021|2.3.4.4b|2021-05-11,Sweden,Other
A/barnacle_goose/Sweden/SVA211102SZ0402/FB004395/M-2021|2.3.4.4b|2021-11-02,Sweden,Other
A/barnacle_goose/Sweden/SVA220105SZ0248/FB000038/K-2021|2.3.4.4b|2021-12-18,Sweden,Other
A/black-headed_gull/Germany-NI/AI05962/2021|2.3.4.4b|2021-10-12,Germany,Other
A/black_vulture/Georgia/23-032683-002/2022|2.3.4.4b|2022-01-01,USA,North America
A/black_vulture/Georgia/W23-823/2022|2.3.4.4b|2022-01-01,USA,North America
A/buzzard/Germany-NI/AI04429/2021|2.3.4.4b|2021-04-28,Germany,Other
A/buzzard/Germany-SH/AI07099/2021|2.3.4.4b|2021-11-09,Germany,Other
A/chicken/Connecticut/22-006118-001/2022|2.3.4.4b|2022-02-28,USA,North America
A/chicken/Delaware/22-005260-001/2022|2.3.4.4b|2022-02-21,USA,North America
A/chicken/Delaware/22-005260-002/2022|2.3.4.4b|2022-02-21,USA,North America
A/chicken/Delaware/22-005260-003/2022|2.3.4.4b|2022-02-21,USA,North America
A/chicken/Delaware/USDA-005260-001/2022|2.3.4.4b|2022-02-21,USA,North America
A/chicken/England/053052/2021|2.3.4.4b|2021-10-24,UK,Other
A/chicken/England/064131/2021|2.3.4.4b|2021-12-01,UK,Other
A/chicken/England/076198/2021|2.3.4.4b|2021-12-29,UK,Other
A/chicken/Germany-BB/AI06219/2021|2.3.4.4b|2021-10-29,Germany,Other
A/chicken/Germany-BB/AI06242/2021|2.3.4.4b|2021-11-02,Germany,Other
A/chicken/Germany-NI/AI01599/2021|2.3.4.4b|2021-02-23,Germany,Other
A/chicken/Kentucky/22-004416-001/2022|2.3.4.4b|2022-02-11,USA,North America
A/chicken/Kentucky/22-004416-002/2022|2.3.4.4b|2022-02-11,USA,North America
A/chicken/Kentucky/22-004416-003/2022|2.3.4.4b|2022-02-11,USA,North America
A/chicken/Kentucky/USDA-004416-001/2022|2.3.4.4b|2022-02-11,USA,North America
A/chicken/Kentucky/USDA-004416-002/2022|2.3.4.4b|2022-02-11,USA,North America
A/chicken/Kentucky/USDA-004416-003/2022|2.3.4.4b|2022-02-11,USA,North America
A/chicken/Kirov/63-1V/2021|2.3.4.4b|2021-10-27,Russia,Other
A/chicken/Kirov/63-2V/2021|2.3.4.4b|2021-10-27,Russia,Other
A/chicken/Kirov/63-5V/2021|2.3.4.4b|2021-10-27,Russia,Other
A/chicken/Maine/22-005158-001/2022|2.3.4.4b|2022-02-17,USA,North America
A/chicken/Maine/22-005443-001/2022|2.3.4.4b|2022-02-20,USA,North America
A/chicken/Michigan/22-005440-002/2022|2.3.4.4b|2022-02-22,USA,North America
A/chicken/NL/FAV-0033/2021|2.3.4.4b|2021-12-21,Canada,North America
A/chicken/Netherlands/21038211-001/2021|2.3.4.4b|2021-11-05,Netherlands,Other
A/chicken/Scotland/068270/2021|2.3.4.4b|2021-12-09,UK,Other
A/chicken/Tyumen/47-66V/2021|2.3.4.4b|2021-10-11,Russia,Other
A/chicken/Tyumen/47-79V/2021|2.3.4.4b|2021-10-12,Russia,Other
A/chicken/Tyumen/81-97V/2021|2.3.4.4b|2021-10-30,Russia,Other
A/chicken/Virginia/22-004415-001/2022|2.3.4.4b|2022-02-11,USA,North America
A/chicken/Wales/053969/2021|2.3.4.4b|2021-10-30,UK,Other
A/common_buzzard/England/075831/2021|2.3.4.4b|2021-12-21,UK,Other
A/common_buzzard/Netherlands/21038793-001/2021|2.3.4.4b|2021-11-12,Netherlands,Other
A/common_buzzard/Netherlands/21041451-002/2021|2.3.4.4b|2021-12-27,Netherlands,Other
A/common_buzzard/Sweden/SVA211111SZ0376/FB004484/2021|2.3.4.4b|2021-11-09,Sweden,Other
A/common_buzzard_/Sweden/SVA211104SZ0320/FB004419/M-2021|2.3.4.4b|2021-10-29,Sweden,Other
A/common_murre/Netherlands/21025491-002/2021|2.3.4.4b|2021-03-17,Netherlands,Other
A/common_pheasant_/Sweden/SVA210923SZ0341/KN000365/M-2021-H5N1|2.3.4.4b|2021-09-22,Sweden,Other
A/common_pheasant_/Sweden/SVA210923SZ0341/KN000366/M-2021|2.3.4.4b|2021-09-22,Sweden,Other
A/common_pheasant_/Sweden/SVA211104SZ0320/FB004417/M-2021|2.3.4.4b|2021-10-29,Sweden,Other
A/common_pheasant_/Sweden/SVA211104SZ0320/FB004418/M-2021|2.3.4.4b|2021-10-29,Sweden,Other
A/domestic_duck/England/066456/2021|2.3.4.4b|2021-12-06,UK,Other
A/domestic_duck/England/070195/2021|2.3.4.4b|2021-12-12,UK,Other
A/domestic_duck/England/076200/2021|2.3.4.4b|2021-12-29,UK,Other
A/domestic_duck/Germany-BB/AI06239/2021|2.3.4.4b|2021-11-02,Germany,Other
A/domestic_duck/Northern_Ireland/17400/2021|2.3.4.4b|2021-11-30,UK,Other
A/domestic_goose/NL/FAV-0035-17/2021|2.3.4.4b|2021-12-17,Canada,North America
A/duck/Czech_Republic/18520-2/2021|2.3.4.4b|2021-09-27,Czech Republic,Other
A/duck/South_Carolina/USDA-001743-033/2022|2.3.4.4b|2022-01-06,USA,North America
A/emu/NL/FAV-0035-12/2021|2.3.4.4b|2021-12-17,Canada,North America
A/gadwall/Croatia/108/2021|2.3.4.4b|2021-11-22,Croatia,Other
A/gadwall/North_Carolina/AH0182894/2022|2.3.4.4b|2022-01-08,USA,North America
A/gadwall_duck/Tennessee/CEIRR-295/2022|2.3.4.4b|2022-01-25,USA,North America
A/gadwall_duck/Tennessee/CEIRR-296/2022|2.3.4.4b|2022-01-25,USA,North America
A/gadwall_duck/Tennessee/CEIRR-297/2022|2.3.4.4b|2022-01-25,USA,North America
A/glaucous_gull/USA/22-023553-001/1905|2.3.4.4b|1905-07-14,USA,North America
A/golden_eagle/Finland/9378_21VIR7689-12/2021|2.3.4.4b|2021-07-01,Finland,Other
A/goose/Chelyabinsk/1341-3/2021|2.3.4.4b|2021-08-08,Russia,Other
A/goose/Czech_Republic/18520-1/2021|2.3.4.4b|2021-09-27,Czech Republic,Other
A/goose/Czech_Republic/18520-2/2021|2.3.4.4b|2021-09-27,Czech Republic,Other
A/goose/Delaware/USDA-004745-001/2022|2.3.4.4b|2022-02-04,USA,North America
A/goose/Massachusetts/USDA-005893-001/2022|2.3.4.4b|2022-02-03,USA,North America
A/goose/Massachusetts/USDA-005893-002/2022|2.3.4.4b|2022-02-03,USA,North America
A/goose/Missouri/USDA-012338-014/2022|2.3.4.4b|2022-03-01,USA,North America
A/goose/Missouri/USDA-012338-029/2022|2.3.4.4b|2022-03-01,USA,North America
A/goose/Netherlands/21028502-002/21028502/2021|2.3.4.4b|2021-05-09,Netherlands,Other
A/goose/Netherlands/22000221-001/2022|2.3.4.4b|2022-01-04,Netherlands,Other
A/goose/New_Hampshire/USDA-006203-001/2022|2.3.4.4b|2022-02-22,USA,North America
A/goose/New_Hampshire/USDA-006203-002/2022|2.3.4.4b|2022-02-22,USA,North America
A/goose/New_Hampshire/USDA-006203-003/2022|2.3.4.4b|2022-02-22,USA,North America
A/goose/Ohio/USDA-007948-001/2022|2.3.4.4b|2022-03-01,USA,North America
A/great_black-backed_gull/Sweden/SVA211109SZ0434/FB004445/M-2021|2.3.4.4b|2021-11-09,Sweden,Other
A/great_skua/Scotland/041672/2021|2.3.4.4b|2021-07-20,UK,Other
A/great_skua/Scotland/042505/2021|2.3.4.4b|2021-07-22,UK,Other
A/great_skua/Scotland/B07779/2021|2.3.4.4b|2021-07-29,UK,Other
A/greylag_goose/Netherlands/21038036-002/2021|2.3.4.4b|2021-10-30,Netherlands,Other
A/greylag_goose/Northern_Ireland/17077/2021|2.3.4.4b|2021-11-24,UK,Other
A/greylag_goose_/Sweden/SVA211103SZ0398/FB004410/M-2021|2.3.4.4b|2021-11-01,Sweden,Other
A/greylag_goose_/Sweden/SVA211111SZ0376/FB004497/M-2021|2.3.4.4b|2021-11-08,Sweden,Other
A/guinea_fowl/Michigan/22-005440-003/2022|2.3.4.4b|2022-02-22,USA,North America
A/gull/Estonia/TA2113284-4_21VIR7512-8/2021|2.3.4.4b|2021-06-02,Estonia,Other
A/gull/Florida/W22-162/2022|2.3.4.4b|2022-03-01,USA,North America
A/herring_gull/Germany-SH/AI06141/2021|2.3.4.4b|2021-10-21,Germany,Other
A/hooded_merganser/Florida/W22-154/2022|2.3.4.4b|2022-03-01,USA,North America
A/lesser_scaup/Florida/W22-129A/2022|2.3.4.4b|2022-02-12,USA,North America
A/lesser_scaup/Georgia/W22-143/2022|2.3.4.4b|2022-02-12,USA,North America
A/lesser_scaup/Georgia/W22-145A/2022|2.3.4.4b|2022-02-12,USA,North America
A/lesser_scaup/Georgia/W22-145B/2022|2.3.4.4b|2022-02-12,USA,North America
A/lesser_scaup/Georgia/W22-145C/2022|2.3.4.4b|2022-02-12,USA,North America
A/lesser_scaup/Georgia/W22-145D/2022|2.3.4.4b|2022-02-12,USA,North America
A/lesser_scaup/Georgia/W22-145E/2022|2.3.4.4b|2022-02-12,USA,North America
A/mallard/North_Carolina/AH0182886/2022|2.3.4.4b|2022-01-08,USA,North America
A/mallard_duck/Tennessee/CEIRR-278/2022|2.3.4.4b|2022-01-24,USA,North America
A/mallard_duck/Tennessee/CEIRR-282/2022|2.3.4.4b|2022-01-24,USA,North America
A/mallard_duck/Tennessee/CEIRR-287/2022|2.3.4.4b|2022-01-25,USA,North America
A/mallard_duck/Tennessee/CEIRR-288/2022|2.3.4.4b|2022-01-25,USA,North America
A/mallard_duck/Tennessee/CEIRR-290/2022|2.3.4.4b|2022-01-25,USA,North America
A/mallard_duck/Tennessee/CEIRR-291/2022|2.3.4.4b|2022-01-25,USA,North America
A/mallard_duck/Tennessee/CEIRR-293/2022|2.3.4.4b|2022-01-25,USA,North America
A/mallard_duck/Tennessee/CEIRR-303/2022|2.3.4.4b|2022-01-30,USA,North America
A/mallard_duck/Tennessee/CEIRR-307/2022|2.3.4.4b|2022-01-31,USA,North America
A/mallard_duck/Tennessee/CEIRR-309/2022|2.3.4.4b|2022-01-31,USA,North America
A/muscovy_duck/Georgia/W23-823A/2022|2.3.4.4b|2022-01-01,USA,North America
A/mute_swan/Austria/22007848-001/2022|2.3.4.4b|2022-01-24,Austria,Other
A/mute_swan/England/000030/2021|2.3.4.4b|2021-12-31,UK,Other
A/mute_swan/England/053054/2021|2.3.4.4b|2021-10-24,UK,Other
A/mute_swan/England/292632/2021|2.3.4.4b|2021-11-15,UK,Other
A/mute_swan/England/385466/2021|2.3.4.4b|2021-11-11,UK,Other
A/mute_swan/Ireland/033945_22VIR1325-16/2021|2.3.4.4b|2021-11-19,Ireland,Other
A/mute_swan/Netherlands/21038537-004/2021|2.3.4.4b|2021-11-11,Netherlands,Other
A/mute_swan/Netherlands/21039824-002/2021|2.3.4.4b|2021-11-25,Netherlands,Other
A/mute_swan/Northern_Ireland/17533/2021|2.3.4.4b|2021-12-03,UK,Other
A/mute_swan/Poland/MB490-L1/2021|2.3.4.4b|2021-11-08,Poland,Other
A/mute_swan/Scotland/073112/2021|2.3.4.4b|2021-12-15,UK,Other
A/northern_goshawk/Finland/14188_21RS3535-9/2021|2.3.4.4b|2021-11-01,Finland,Other
A/northern_pintail/North_Carolina/AH0182892/2022|2.3.4.4b|2022-01-08,USA,North America
A/northern_shoveler/North_Carolina/AH0182913/2022|2.3.4.4b|2022-01-08,USA,North America
A/oystercatcher/Germany-NI/AI05047/2021|2.3.4.4b|2021-07-17,Germany,Other
A/pelican/France/21P013720/2021|2.3.4.4b|2021-12-15,France,Other
A/pheasant/England/107851/2021|2.3.4.4b|2021-11-02,UK,Other
A/pheasant/Finland/12237_21RS3535-3/2021|2.3.4.4b|2021-09-01,Finland,Other
A/pheasant/Finland/12309_21RS3535-4/2021|2.3.4.4b|2021-09-01,Finland,Other
A/pheasant/Finland/12428_21RS3535-5/2021|2.3.4.4b|2021-09-01,Finland,Other
A/pheasant/Finland/13088_21RS3535-6/2021|2.3.4.4b|2021-10-01,Finland,Other
A/pheasant/New_York/22-005647-001/2022|2.3.4.4b|2022-02-22,USA,North America
A/pheasant/New_York/22-005647-002/2022|2.3.4.4b|2022-02-22,USA,North America
A/pheasant/Scotland/000348/2021|2.3.4.4b|2021-02-10,UK,Other
A/pheasant/Scotland/11039/2021|2.3.4.4b|2021-02-10,UK,Other
A/pheasant/Wales/385129/2021|2.3.4.4b|2021-10-27,UK,Other
A/red-shouldered_hawk/North_Carolina/121/2022|2.3.4.4b|2022-02-12,USA,North America
A/royal_tern/Florida/W22-245A/2022|2.3.4.4b|2022-03-02,USA,North America
A/sanderling/MA/22HP00124/2022|2.3.4.4b|2022-03-01,USA,North America
A/seagull/Italy/21VIR11259-12/2021|2.3.4.4b|2021-12-15,Italy,Other
A/seagull/Slovenia/2075_22VIR777-7/2021|2.3.4.4b|2021-12-30,Slovenia,Other
A/silkie_chicken/Iowa/22-006114-001/2022|2.3.4.4b|2022-02-28,USA,North America
A/snow_goose/Kansas/W22-199A/2022|2.3.4.4b|2022-03-14,USA,North America
A/snow_goose/Kentucky/W22-092/2022|2.3.4.4b|2022-02-08,USA,North America
A/snowy_owl/MA/22MM00323/2022|2.3.4.4b|2022-02-07,USA,North America
A/swan/Slovenia/2049_22VIR777-3/2021|2.3.4.4b|2021-12-27,Slovenia,Other
A/swan/Slovenia/2072_22VIR777-5/2021|2.3.4.4b|2021-12-30,Slovenia,Other
A/teal/Samara/Bolshechernigovsky/2021|2.3.4.4b|2021-10-13,Russia,Other
A/turkey/Germany-NI/AI04373/2021|2.3.4.4b|2021-04-27,Germany,Other
A/turkey/Germany-NI/AI04425/2021|2.3.4.4b|2021-05-03,Germany,Other
A/turkey/Germany-NI/AI04455/2021|2.3.4.4b|2021-05-05,Germany,Other
A/turkey/Indiana/22-003707-003/2022|2.3.4.4b|2022-02-07,USA,North America
A/turkey/Indiana/22-004688-002/2022|2.3.4.4b|2022-02-14,USA,North America
A/turkey/Indiana/22-004688-003/2022|2.3.4.4b|2022-02-14,USA,North America
A/turkey/Indiana/22-004688-006/2022|2.3.4.4b|2022-02-14,USA,North America
A/turkey/Indiana/22-005289-001/2022|2.3.4.4b|2022-02-16,USA,North America
A/turkey/Indiana/22-005289-002/2022|2.3.4.4b|2022-02-16,USA,North America
A/turkey/Indiana/22-005328-001/2022|2.3.4.4b|2022-02-18,USA,North America
A/turkey/Indiana/22-005328-002/2022|2.3.4.4b|2022-02-18,USA,North America
A/turkey/Indiana/22-005696-001/2022|2.3.4.4b|2022-02-21,USA,North America
A/turkey/Indiana/22-005696-002/2022|2.3.4.4b|2022-02-21,USA,North America
A/turkey/Indiana/22-005696-003/2022|2.3.4.4b|2022-02-21,USA,North America
A/turkey/Indiana/22-006259-001/2022|2.3.4.4b|2022-02-28,USA,North America
A/turkey/Indiana/22-006259-002/2022|2.3.4.4b|2022-02-28,USA,North America
A/turkey/Indiana/22-006261-001/2022|2.3.4.4b|2022-03-01,USA,North America
A/turkey/Indiana/22-006261-002/2022|2.3.4.4b|2022-03-01,USA,North America
A/turkey/Indiana/USDA-003707-003/2022|2.3.4.4b|2022-02-07,USA,North America
A/turkey/Indiana/USDA-004688-002/2022|2.3.4.4b|2022-02-14,USA,North America
A/turkey/Indiana/USDA-004688-003/2022|2.3.4.4b|2022-02-14,USA,North America
A/turkey/Indiana/USDA-004688-006/2022|2.3.4.4b|2022-02-14,USA,North America
A/turkey/Indiana/USDA-005289-001/2022|2.3.4.4b|2022-02-16,USA,North America
A/turkey/Indiana/USDA-005328-001/2022|2.3.4.4b|2022-02-18,USA,North America
A/turkey/Indiana/USDA-005696-001/2022|2.3.4.4b|2022-02-21,USA,North America
A/turkey/Indiana/USDA-005696-002/2022|2.3.4.4b|2022-02-21,USA,North America
A/turkey/Indiana/USDA-005696-003/2022|2.3.4.4b|2022-02-21,USA,North America
A/turkey/Indiana/USDA-006259-001/2022|2.3.4.4b|2022-02-28,USA,North America
A/turkey/Indiana/USDA-006261-001/2022|2.3.4.4b|2022-03-01,USA,North America
A/turkey/Indiana/USDA-006261-002/2022|2.3.4.4b|2022-03-01,USA,North America
A/turkey/Kentucky/22-004546-001/2022|2.3.4.4b|2022-02-12,USA,North America
A/turkey/Kentucky/22-004546-002/2022|2.3.4.4b|2022-02-12,USA,North America
A/turkey/Kentucky/USDA-004546-001/2022|2.3.4.4b|2022-02-12,USA,North America
A/turkey/Michigan/22-005440-001/2022|2.3.4.4b|2022-02-22,USA,North America
A/turkey/Netherlands/21040980-001005/2021|2.3.4.4b|2021-12-20,Netherlands,Other
A/turkey/Tyumen/81-96V/2021|2.3.4.4b|2021-10-30,Russia,Other
A/turkey/Wales/065047/2021|2.3.4.4b|2021-12-02,UK,Other
A/ural_owl/Finland/14041_21RS3535-7/2021|2.3.4.4b|2021-10-01,Finland,Other
A/western_jackdaw/Sweden/SVA211111SZ0376/FB004483/2021|2.3.4.4b|2021-11-08,Sweden,Other
A/western_marsh_harrier/Netherlands/21028606-002/2021|2.3.4.4b|2021-05-07,Netherlands,Other
A/white-tailed_eagle/Estonia/TA2111864-2_21VIR7512-6/2021|2.3.4.4b|2021-05-16,Estonia,Other
A/white-tailed_eagle/Finland/6984_21VIR7689-10/2021|2.3.4.4b|2021-06-01,Finland,Other
A/white-tailed_eagle/Iceland/2022AI02104/2021|2.3.4.4b|2021-10-25,Iceland,Other
A/white-tailed_eagle/Netherlands/21027616-001/2021|2.3.4.4b|2021-04-23,Netherlands,Other
A/white-tailed_eagle/Sweden/SVA211118SZ0354/FB004721/2021|2.3.4.4b|2021-11-17,Sweden,Other
A/white-tailed_eagle/Sweden/SVA211201SZ0380/FB004721/M-2021|2.3.4.4b|2021-11-26,Sweden,Other
A/white-tailed_sea_eagle/Germany-MV/2022AI04824/2021|2.3.4.4b|2021-11-26,Germany,Other
A/whooper_swan/Ireland/032444_22VIR1325-2/2021|2.3.4.4b|2021-11-09,Ireland,Other
A/European_herring_gull/Denmark/24453-1.01_2021|2.3.4.4b|2021-11-05,Denmark,Other
A/common_buzzard/Denmark/25424-1.02_2021|2.3.4.4b|2021-12-18,Denmark,Other
A/herring_gull/Latvia/287263_21VIR8325-5_2021|2.3.4.4b|2021-05-30,Latvia,Other
